Business Name,URL,Store Type
Clarity.pk,https://clarity.pk/,General E-commerce
News,https://clarity.pk/category/news/,General E-commerce
Technology,https://clarity.pk/category/technology/,Technology
International,https://clarity.pk/category/international/,General E-commerce
Products,https://clarity.pk/products/,General E-commerce
Services,https://clarity.pk/services/,General E-commerce
Startups,https://clarity.pk/category/startups/,General E-commerce
Reviews,https://clarity.pk/category/reviews/,General E-commerce
Knowledge Base,https://clarity.pk/category/knowledgebase/,General E-commerce
Payments,https://clarity.pk/category/knowledgebase/payments/,General E-commerce
Business,https://clarity.pk/category/knowledgebase/business/,General E-commerce
Incubator,https://clarity.pk/category/knowledgebase/incubator/,General E-commerce
Coworking Space,https://clarity.pk/category/knowledgebase/coworking-space/,General E-commerce
Contact,https://clarity.pk/contact/,General E-commerce
List of Delivery Services in Pakistan...,https://clarity.pk/delivery-services/list-of-delivery-services-in-pakistan/,General E-commerce
Xoom – Send & Receive money in Pakistan from across the world...,https://clarity.pk/knowledgebase/payments/xoom-paypal-send-receive-money-in-pakistan/,General E-commerce
List of Fintech Companies in Pakistan...,https://clarity.pk/knowledgebase/payments/list-of-fintech-companies-in-pakistan/,Technology
List of online marketplaces and ecommerce stores in Pakistan...,https://clarity.pk/ecommerce/list-online-marketplaces-ecommerce-stores-pakistan/,General E-commerce
How to register a company in Pakistan online?...,https://clarity.pk/knowledgebase/business/online-procedure-company-registration-pakistan/,General E-commerce
Clarity.pk,https://clarity.pk/,General E-commerce
News,https://clarity.pk/category/news/,General E-commerce
Technology,https://clarity.pk/category/technology/,Technology
International,https://clarity.pk/category/international/,General E-commerce
Products,https://clarity.pk/products/,General E-commerce
Services,https://clarity.pk/services/,General E-commerce
Startups,https://clarity.pk/category/startups/,General E-commerce
Reviews,https://clarity.pk/category/reviews/,General E-commerce
Knowledge Base,https://clarity.pk/category/knowledgebase/,General E-commerce
Payments,https://clarity.pk/category/knowledgebase/payments/,General E-commerce
Business,https://clarity.pk/category/knowledgebase/business/,General E-commerce
Incubator,https://clarity.pk/category/knowledgebase/incubator/,General E-commerce
Coworking Space,https://clarity.pk/category/knowledgebase/coworking-space/,General E-commerce
Contact,https://clarity.pk/contact/,General E-commerce
Home,https://clarity.pk,Home/Furniture
Ecommerce,https://clarity.pk/category/ecommerce/,General E-commerce
Ecommerce,https://clarity.pk/category/ecommerce/,General E-commerce
Clarity PK,https://clarity.pk/author/claritypk/,General E-commerce
Share on Facebook,http://www.facebook.com/sharer.php?u=https://clarity.pk/ecommerce/list-online-marketplaces-ecommerce-stores-pakistan/,Books
Share on Twitter,http://twitter.com/share?url=https://clarity.pk/ecommerce/list-online-marketplaces-ecommerce-stores-pakistan/&text=List%20of%20online%20marketplaces%20and%20ecommerce%20stores%20in%20Pakistan,General E-commerce
Share on Linkedin,http://www.linkedin.com/shareArticle?mini=true&url=https://clarity.pk/ecommerce/list-online-marketplaces-ecommerce-stores-pakistan/,General E-commerce
here,http://clarity.pk/contact/,General E-commerce
affordable.pk,https://affordable.pk,General E-commerce
bestbuymall.pk,https://www.bestbuymall.pk/,General E-commerce
Android,https://play.google.com/store/apps/details?id=co.bestbuymall.delivery,General E-commerce
iOS,https://apps.apple.com/pk/app/best-buy-mall/id1457338823?ls=1,General E-commerce
bnbaccessories.com,https://bnbaccessories.com,General E-commerce
buyon.pk,https://www.buyon.pk,General E-commerce
Android,https://play.google.com/store/apps/details?id=com.tanxe.buyon,General E-commerce
clicky.pk,https://clicky.pk,General E-commerce
iOS,https://apps.apple.com/pk/app/clicky-online-shopping/id1448160644,General E-commerce
Daraz.pk,https://daraz.pk,General E-commerce
Android,https://play.google.com/store/apps/details?id=com.daraz.android&hl=en,General E-commerce
iOS,https://itunes.apple.com/pk/app/daraz-online-shopping-app/id978058048?mt=8,General E-commerce
goto.com.pk,https://www.goto.com.pk/,General E-commerce
iShopping.pk,https://iShopping.pk,General E-commerce
majesticchef.com,https://majesticchef.com/,General E-commerce
olx.com.pk,https://www.olx.com.pk/,General E-commerce
Android,https://play.google.com/store/apps/details?id=com.olx.pk&hl=en,General E-commerce
pakstyle.pk,https://pakstyle.pk,General E-commerce
pricetoday.com.pk,https://pricetoday.com.pk,General E-commerce
shophive.com,https://www.shophive.com/,General E-commerce
Shophive.com,http://Shophive.com,General E-commerce
shoprex.com,https://shoprex.com,General E-commerce
symbios.pk,https://symbios.pk,General E-commerce
here,http://clarity.pk/contact/,General E-commerce
List of Delivery Services in Pakistan,http://clarity.pk/delivery-services/list-of-delivery-services-in-pakistan/,General E-commerce
List of Fintech Companies in Pakistan,http://clarity.pk/knowledgebase/payments/list-of-fintech-companies-in-pakistan/,Technology
bestbuymall,https://clarity.pk/tag/bestbuymall/,General E-commerce
bnbaccessories,https://clarity.pk/tag/bnbaccessories/,General E-commerce
buyon,https://clarity.pk/tag/buyon/,General E-commerce
clarity-lists,https://clarity.pk/tag/clarity-lists/,General E-commerce
clicky,https://clarity.pk/tag/clicky/,General E-commerce
daraz,https://clarity.pk/tag/daraz/,General E-commerce
Ecommerce,https://clarity.pk/tag/ecommerce/,General E-commerce
homeshopping,https://clarity.pk/tag/homeshopping/,Home/Furniture
majesticchef,https://clarity.pk/tag/majesticchef/,General E-commerce
marketplace,https://clarity.pk/tag/marketplace/,General E-commerce
olx,https://clarity.pk/tag/olx/,General E-commerce
online shopping,https://clarity.pk/tag/online-shopping/,General E-commerce
pakstyle,https://clarity.pk/tag/pakstyle/,General E-commerce
pricetoday,https://clarity.pk/tag/pricetoday/,General E-commerce
shop online pakistan,https://clarity.pk/tag/shop-online-pakistan/,General E-commerce
shopdaily,https://clarity.pk/tag/shopdaily/,General E-commerce
shophive,https://clarity.pk/tag/shophive/,General E-commerce
shopping,https://clarity.pk/tag/shopping/,General E-commerce
shoprex,https://clarity.pk/tag/shoprex/,General E-commerce
shopsy,https://clarity.pk/tag/shopsy/,General E-commerce
symbios,https://clarity.pk/tag/symbios/,General E-commerce
webstore,https://clarity.pk/tag/webstore/,General E-commerce
Clarity PK,https://clarity.pk/author/claritypk/,General E-commerce
I am here to bring you clarity,https://clarity.pk/author/claritypk/,General E-commerce
7 myths of buying shoes online debunked – by Oxygen Shoes,https://clarity.pk/general/7-myths-of-buying-shoes-online-debunked-by-oxygen-shoes/,Clothing/Fashion
US Black Friday online shopping bags whopping $9B – $3.6B in just smartphones,https://techcrunch.com/2020/11/28/black-friday-online-sales-numbers/?utm_source=feedburner&utm_medium=feed&utm_campaign=Feed%3A+Techcrunch+%28TechCrunch%29,Grocery/Food
How VISA is enabling digital payments in Pakistan – Webinar by National eCommerce Council (NeCC),https://clarity.pk/opinions/how-visa-is-enabling-digital-payments-in-pakistan-webinar-by-national-ecommerce-council-necc/,General E-commerce
Because a ‘Loot.Sale’ is all we need,https://clarity.pk/news/loot-sale-ecommerce/,General E-commerce
List of Online Grocery Shopping Stores in Pakistan,https://clarity.pk/ecommerce/list-of-online-grocery-shopping-stores-in-pakistan/,Grocery/Food
Because a ‘Loot.Sale’ is all we need,https://clarity.pk/news/loot-sale-ecommerce/,General E-commerce
List of Delivery Services in Pakistan,https://clarity.pk/delivery-services/list-of-delivery-services-in-pakistan/,General E-commerce
Xoom – Send & Receive money in Pakistan from across the world,https://clarity.pk/knowledgebase/payments/xoom-paypal-send-receive-money-in-pakistan/,General E-commerce
List of Fintech Companies in Pakistan,https://clarity.pk/knowledgebase/payments/list-of-fintech-companies-in-pakistan/,Technology
Xoom – Send & Receive money in Pakistan from across the world,https://clarity.pk/knowledgebase/payments/xoom-paypal-send-receive-money-in-pakistan/,General E-commerce
List of Fintech Companies in Pakistan,https://clarity.pk/knowledgebase/payments/list-of-fintech-companies-in-pakistan/,Technology
Easypaisa TILL – An Easy Way to Accept Digital Payments for Retailers,https://clarity.pk/knowledgebase/payments/easypaisa-till-retail-payment-method/,General E-commerce
An In-Depth Guide on Using Skrill in Pakistan.,https://clarity.pk/knowledgebase/payments/an-in-depth-guide-on-using-skrill-in-pakistan/,General E-commerce
Easypay Payment Gateway – A review,https://clarity.pk/knowledgebase/payments/easypay-payment-gateway/,General E-commerce
How to register a company in Pakistan online?,https://clarity.pk/knowledgebase/business/online-procedure-company-registration-pakistan/,General E-commerce
Business Tax in Pakistan – Annual Tax Payable [Updated],https://clarity.pk/knowledgebase/business/annual-tax-payable-companies-pakistan/,General E-commerce
Guide for setting up your Shopify store,https://clarity.pk/knowledgebase/business/how-to-setup-shopify-store-pakistan/,General E-commerce
How to register a company in Pakistan – the beginners guide,https://clarity.pk/knowledgebase/business/register-company-pakistan-beginners-guide/,General E-commerce
Online NTN registration process. Complete instructions for both personal or business [Picture guide],https://clarity.pk/knowledgebase/business/create-ntn-online-complete-pictures-guide/,General E-commerce
Jiye Technologies announces Pakistan’s first B2B BNPL to help boost the agriculture sector,https://clarity.pk/startups/jiye-technologies-announces-pakistans-first-b2b-bnpl-to-help-boost-the-agriculture-sector/,Technology
Healthwire – Redefining Healthcare in Pakistan,https://clarity.pk/startups/healthwire-redefining-healthcare-in-pakistan/,General E-commerce
"Marham.pk – 100s of doctors,  just one click away!",https://clarity.pk/startups/marham-pk/,General E-commerce
About,https://clarity.pk/about/,General E-commerce
Jobs,https://clarity.pk/jobs/,General E-commerce
mining,https://clarity.pk/tag/mining/,General E-commerce
technology,https://clarity.pk/tag/technology/,Technology
blockchain,https://clarity.pk/tag/blockchain/,General E-commerce
ethereum,https://clarity.pk/tag/ethereum/,General E-commerce
defi,https://clarity.pk/tag/defi/,General E-commerce
stake pools,https://clarity.pk/tag/stake-pools/,General E-commerce
fintech,https://clarity.pk/tag/fintech/,Technology
staking,https://clarity.pk/tag/staking/,General E-commerce
cryptocurrency,https://clarity.pk/tag/cryptocurrency/,General E-commerce
bitcoin,https://clarity.pk/tag/bitcoin/,General E-commerce
coindesk,https://clarity.pk/tag/coindesk/,General E-commerce
crypto,https://clarity.pk/tag/crypto/,General E-commerce
dai,https://clarity.pk/tag/dai/,General E-commerce
wallets,https://clarity.pk/tag/wallets/,General E-commerce
pakistan,https://clarity.pk/tag/pakistan/,General E-commerce
About,https://clarity.pk/about/,General E-commerce
Contact us,https://clarity.pk/contact/,General E-commerce
Privacy Policy,https://clarity.pk/privacy-policy/,General E-commerce
Terms and Conditions,https://clarity.pk/terms-and-conditions/,General E-commerce
Jobs,https://clarity.pk/jobs/,General E-commerce
Contact us,http://clarity.pk/contact,General E-commerce
